url,bucket,label
"/","home","ELF Home Services"
"/about.html","about","About Us Our story"
"/diy.html","diy","DIY Projects Step-by-step guides"
"/emergency.html","emergency","Emergency Service Same-day urgent"
"/faq.html","faq","FAQs Common questions"
"/gallery.html","gallery","Project Gallery Our work"
"/guides/annual-home-maintenance-north-texas.html","guides","Annual Home Maintenance TX"
"/guides/appliance-maintenance-monthly-checklist.html","guides","Maintenance Monthly Appliance Maintenance"
"/guides/backsplash-trends-open-kitchen-texas.html","guides","Trends 2026 Backsplash Trends Open Kitchen TX"
"/guides/bathroom-designs-buyers-southlake.html","guides","Trends 2026 Bathroom Designs Buyers Southlake"
"/guides/bathroom-flooring-trends-mckinney-2026.html","guides","Trends 2026 Bathroom Flooring Trends 2026"
"/guides/bathroom-remodel-cost-north-texas.html","guides","Bathroom Remodel Cost TX"
"/guides/best-deck-materials-texas-summer.html","guides","Trends 2026 Best Deck Materials Texas"
"/guides/best-tile-kitchen-plano-frisco.html","guides","Trends 2026 Best Tile Styles Plano & Frisco"
"/guides/cabinet-colors-best-resale-value-dfw.html","guides","Trends 2026 Cabinet Colors Best Resale DFW"
"/guides/cabinet-painting-cost-vs-replacement.html","guides","Cost Guide Cabinet Painting vs Replacing"
"/guides/checklist-prepare-home-for-sale-dfw.html","guides","Prepare Home for Sale DFW"
"/guides/deck-maintenance-schedule-texas.html","guides","Maintenance Deck Maintenance Schedule Texas"
"/guides/deck-refinishing-cost-texas.html","guides","Cost Guide Deck Refinishing Cost Texas"
"/guides/deck-refinishing-diy-vs-professional.html","guides","DIY vs Pro Deck Refinishing: DIY vs Professional"
"/guides/drywall-repair-cost-dfw.html","guides","Cost Guide Drywall Repair Cost DFW"
"/guides/drywall-repair-diy-vs-professional.html","guides","DIY vs Pro Drywall Repair: DIY vs Professional"
"/guides/extend-life-kitchen-remodel.html","guides","Maintenance Extend Life of Kitchen Remodel"
"/guides/exterior-paint-maintenance-texas.html","guides","Maintenance Exterior Paint Maintenance Texas"
"/guides/fence-repair-yourself-what-works.html","guides","DIY vs Pro Fence Repair Yourself: What Works"
"/guides/foundation-cracks-drywall-repair-texas.html","guides","Foundation Cracks & Drywall TX"
"/guides/handyman-hourly-rate-dfw-2026.html","guides","Cost Guide Handyman Rates DFW 2026"
"/guides/hard-water-tile-stains-texas.html","guides","Texas Problem Hard Water Tile Stains Texas"
"/guides/hardwood-floor-maintenance-texas-humidity.html","guides","Maintenance Hardwood Floor Maintenance TX"
"/guides/hoa-approved-improvements-dfw.html","guides","Texas Problem HOA Approved Improvements DFW"
"/guides/home-renovation-cost-guide-dfw.html","guides","Cost Guide Home Renovation Cost Guide DFW"
"/guides/home-upgrades-roi-selling-dfw.html","guides","Home Upgrades ROI Selling DFW"
"/guides/how-to-tell-if-grout-needs-replacing.html","guides","How-To Guide Signs Your Grout Needs Replacing"
"/guides/humidity-bathroom-tile-problems-dfw.html","guides","Texas Problem Humidity & Tile Problems DFW"
"/guides/install-lvp-yourself-common-mistakes.html","guides","DIY vs Pro Install LVP Yourself: Common Mistakes"
"/guides/interior-painting-cost-per-room-dfw.html","guides","Painting Cost Per Room DFW"
"/guides/kitchen-remodel-cost-dfw.html","guides","Kitchen Remodel Cost DFW"
"/guides/kitchen-trends-dfw-2026.html","guides","Kitchen Trends DFW 2026"
"/guides/lvp-flooring-cost-per-sqft-texas.html","guides","Cost Guide LVP Flooring Cost Texas"
"/guides/lvp-vs-hardwood-2026-dfw.html","guides","Trends 2026 LVP vs Hardwood DFW 2026"
"/guides/maintain-grout-without-replacing.html","guides","Maintenance Maintain Grout Without Replacing"
"/guides/new-construction-punch-list-dfw.html","guides","Texas Problem New Construction Punch List DFW"
"/guides/paint-kitchen-cabinets-without-sprayer.html","guides","DIY vs Pro Paint Cabinets Without a Sprayer"
"/guides/painting-yourself-vs-hiring-contractor.html","guides","DIY Painting vs Contractor"
"/guides/popcorn-ceiling-asbestos-north-texas.html","guides","Texas Problem Popcorn Ceiling Asbestos North TX"
"/guides/popular-paint-colors-north-texas-2026.html","guides","Trends 2026 Popular Paint Colors TX 2026"
"/guides/prepare-home-summer-texas.html","guides","Maintenance Prepare Home for Texas Summer"
"/guides/prepare-home-winter-dfw.html","guides","Maintenance Prepare Home for DFW Winter"
"/guides/prevent-bathroom-water-damage.html","guides","Maintenance Prevent Bathroom Water Damage"
"/guides/sand-hardwood-floors-yourself-truth.html","guides","DIY vs Pro Sand Hardwood Floors Yourself: Truth"
"/guides/signs-deck-needs-replacement-vs-repair.html","guides","How-To Guide Deck Repair vs Replacement Signs"
"/guides/signs-drywall-has-water-damage.html","guides","How-To Guide Signs of Drywall Water Damage"
"/guides/signs-wood-floor-needs-refinishing.html","guides","How-To Guide Signs Hardwood Needs Refinishing"
"/guides/slab-foundation-home-repairs-dfw.html","guides","Texas Problem Slab Foundation Home Repairs"
"/guides/storm-damage-repairs-north-texas.html","guides","Texas Problem Storm Damage Repairs DFW"
"/guides/texas-summer-heat-paint-peeling-fix.html","guides","Texas Problem Paint Peeling in Texas Heat"
"/guides/tile-backsplash-diy-guide.html","guides","DIY vs Pro DIY Tile Backsplash: Honest Guide"
"/guides/tile-installation-cost-dfw.html","guides","Cost Guide Tile Installation Cost DFW"
"/guides/tipos-de-pintura-para-interiores-texas.html","guides","Material Guide Tipos de Pintura · Texas"
"/guides/tree-root-fence-damage-dallas.html","guides","Texas Problem Tree Root Fence Damage Dallas"
"/guides/types-of-backsplash-subway-herringbone-mosaic.html","guides","Material Guide Backsplash Types Guide"
"/guides/types-of-bathroom-vanity-floating-freestanding.html","guides","Material Guide Bathroom Vanity Types"
"/guides/types-of-deck-stain-solid-vs-semitransparent.html","guides","Material Guide Deck Stain Types Guide"
"/guides/types-of-drywall-moisture-fire-soundproof.html","guides","Material Guide Types of Drywall Explained"
"/guides/types-of-grout-sanded-vs-unsanded-epoxy.html","guides","Material Guide Grout Types: Sanded vs Epoxy"
"/guides/types-of-interior-paint-finishes.html","guides","Interior Paint Finishes Guide"
"/guides/types-of-kitchen-cabinet-materials.html","guides","Material Guide Kitchen Cabinet Materials"
"/guides/types-of-lvp-flooring-wear-layer-guide.html","guides","Material Guide Types of LVP Flooring"
"/guides/types-of-tile-porcelain-ceramic-stone.html","guides","Material Guide Tile Types: Porcelain vs Ceramic"
"/guides/waterproof-shower-diy-vs-contractor.html","guides","DIY vs Pro Waterproof Shower: DIY vs Contractor"
"/guides/when-diy-costs-more-than-hiring-pro.html","guides","DIY vs Pro When DIY Costs More Than Hiring Pro"
"/guides/when-does-kitchen-remodel-make-sense.html","guides","How-To Guide When Kitchen Remodel Makes Sense"
"/guides/when-to-hire-handyman-vs-contractor.html","guides","How-To Guide Handyman vs General Contractor"
"/guides/when-to-repaint-exterior-house-texas.html","guides","How-To Guide When to Repaint Exterior Texas"
"/guides/when-to-replace-bathroom-tile.html","guides","How-To Guide When to Replace Bathroom Tile"
"/guides/when-to-replace-vs-repair-flooring.html","guides","How-To Guide Replace vs Repair Flooring"
"/hvac.html","hvac","HVAC Guide Heating & cooling"
"/locations/allen.html","locations","Allen"
"/locations/bathroom-remodel-allen-tx.html","locations","Local Guide Bathroom Remodel · Allen"
"/locations/bathroom-remodel-frisco-tx.html","locations","Local Guide Bathroom Remodel · Frisco"
"/locations/bathroom-remodel-lewisville-tx.html","locations","Local Guide Bathroom Remodel · Lewisville"
"/locations/bathroom-remodel-mckinney-tx.html","locations","Bathroom Remodel · McKinney"
"/locations/bathroom-remodel-southlake-tx.html","locations","Local Guide Bathroom Remodel · Southlake"
"/locations/cabinet-refinishing-frisco-tx.html","locations","Cabinet Refinishing · Frisco"
"/locations/cabinet-refinishing-plano-tx.html","locations","Local Guide Cabinet Refinishing · Plano"
"/locations/denton.html","locations","Denton"
"/locations/drywall-repair-frisco-tx.html","locations","Local Guide Drywall Repair · Frisco"
"/locations/drywall-repair-lewisville-tx.html","locations","Drywall Repair · Lewisville"
"/locations/drywall-repair-mckinney-tx.html","locations","Local Guide Drywall Repair · McKinney"
"/locations/emergency-handyman-denton-tx.html","locations","Emergency Service · Denton"
"/locations/flooring-installation-denton-tx.html","locations","Local Guide Flooring Installation · Denton"
"/locations/flooring-installation-mckinney-tx.html","locations","Local Guide Flooring Installation · McKinney"
"/locations/flower-mound.html","locations","Flower Mound"
"/locations/frisco.html","locations","Frisco"
"/locations/handyman-allen-tx.html","locations","Local Guide Handyman Services · Allen"
"/locations/handyman-denton-tx.html","locations","Local Guide Handyman Services · Denton"
"/locations/handyman-flower-mound-tx.html","locations","Handyman · Flower Mound"
"/locations/handyman-mckinney-tx.html","locations","Local Guide Handyman Services · McKinney"
"/locations/hardwood-flooring-plano-tx.html","locations","Local Guide Hardwood Flooring · Plano"
"/locations/kitchen-remodel-allen-tx.html","locations","Local Guide Kitchen Remodel · Allen"
"/locations/kitchen-remodel-frisco-tx.html","locations","Kitchen Remodel · Frisco"
"/locations/kitchen-remodel-plano-tx.html","locations","Local Guide Kitchen Remodel · Plano"
"/locations/kitchen-remodel-southlake-tx.html","locations","Local Guide Kitchen Remodel · Southlake"
"/locations/lewisville.html","locations","Lewisville"
"/locations/lvp-flooring-installation-frisco.html","locations","LVP Flooring · Frisco"
"/locations/mckinney.html","locations","McKinney"
"/locations/painting-contractor-denton-tx.html","locations","Painting Contractor · Denton"
"/locations/painting-contractor-frisco-tx.html","locations","Local Guide Painting Contractor · Frisco"
"/locations/painting-contractor-plano-tx.html","locations","Local Guide Painting Contractor · Plano"
"/locations/plano.html","locations","Plano"
"/locations/popcorn-ceiling-removal-dallas.html","locations","Popcorn Ceiling Removal · Dallas"
"/locations/southlake.html","locations","Southlake"
"/locations/tile-installation-frisco-tx.html","locations","Local Guide Tile Installation · Frisco"
"/locations/tile-installation-mckinney-tx.html","locations","Tile Installation · McKinney"
"/locations/tile-installation-southlake-tx.html","locations","Local Guide Tile Installation · Southlake"
"/maintenance.html","maintenance","Home Maintenance Seasonal checklists"
"/pricing.html","pricing","Pricing Guide Transparent rates"
"/quote.html","quote","Free Estimate"
"/reviews.html","reviews","Reviews 200+ 5-star reviews"
"/service-areas.html","service-areas","ALL LOCAL GUIDES"
"/services.html","services","See all services"
"/services/appliances.html","services","Appliance Repair Washer, dryer, fridge"
"/services/bathroom.html","services","Bathroom Remodel Showers & vanities"
"/services/drywall.html","services","Drywall Repair & texture"
"/services/flooring.html","services","Flooring Hardwood, LVP, tile"
"/services/kitchen.html","services","Kitchen Remodel Full renovation"
"/services/painting.html","services","Painting Interior & exterior"
"/services/repairs.html","services","General Repairs Doors, windows, trim"
"/services/tile.html","services","Tile & Backsplash Any surface"
"/workpedia/","workpedia","Workpedia DFW repair encyclopedia"
